dimension,value,n_model_samples,n_human_samples,js_divergence
user_prompts,Main,870,6770,0.11367991305715011
user_prompts,Minimal instructions,90,6770,0.06334053884322052
user_prompts,No SDBs,90,6770,0.10288296349991136
turn_taking,Response-enabled,870,6770,0.1103110549587163
turn_taking,Round-robin,90,6770,0.08204149005919856
turn_taking,Random,90,6770,0.09893050606849106
initialization,Main,960,6770,0.10949716549803674
initialization,No seeds,90,6770,0.09327525465245767
